Beak, Kimberly,53
Biden, Lowan  M,61
Bondwell, Betsy,52
Booth, Frank,55
Bunbury, Jessica,55
Cady, Max,53
Carter, Michelle,56
Chace, Beatrice,68
Cross, Noah,54
Daniele, Ann,67
Demita, Carla,68
Desimone, Carl,52
Ferguson, Susan,64
Fraval, Maruk,56
Galia, Lisa,51
Gonzalez, Juan,55
Harrington, Christie,67
Houlihan, Debra,53
Jacobi, Hannah,53
Jhaveri, Sneha,55
Johnson, George,60
King, Janet,65
Meads, Elizabeth,51
Ngodup, Shari,52
Oliver, Brooke,67
Punjabhi, Louis,58
Ren, Kylo,65
Ruiz, Ricardo,55
Saar-Beckles, Melinda,51
Smith, Joe,56
Smith, Sade,54
Sparks, Taylor,51
Sutwell, Barbara,51
Tejeda, Lenora,66
Terry, Sharlene,54
Theamstern, Sophia,54
Tippett, Jeanette,52
Torrence, Jack,51
Vega, Vincent,51
Wallace, Courtney  E,64
Wilber, Barry,54
Winthrop, Jordan,61
